

SET search_path = carteiras_wm;

-- ============================================================
-- Fundo
-- ============================================================
INSERT INTO Fundo (IDFundo, NomeFundo, CNPJFundo, SubclasseFundo, ClassificacaoFundo) VALUES
(1, 'FIA Alpha Ações',      '12.345.678/0001-01', 'A', 'FIA'),
(2, 'FIDC Beta Crédito',    '23.456.789/0001-02', 'B', 'FIDC'),
(3, 'FIM Gamma Multi',      '34.567.890/0001-03', NULL,'FIM'),
(4, 'FIA Delta Small Caps', '45.678.901/0001-04', 'A', 'FIA'),
(5, 'FIRF Epsilon DI',      '56.789.012/0001-05', NULL,'FIRF');

-- ============================================================
-- Cliente
-- ============================================================
INSERT INTO Cliente (IDCliente, NomeCliente, CodigoCliente, DocumentoCliente) VALUES
(1, 'João Silva',    'JS', '123.456.789-00'),
(2, 'Maria Oliveira','MO', '234.567.890-11'),
(3, 'Carlos Santos', 'CS', '345.678.901-22'),
(4, 'Ana Costa',     'AC', '456.789.012-33'),
(5, 'Pedro Almeida', 'PA', '12.345.678/0001-99');

-- ============================================================
-- Ativo
-- ============================================================
INSERT INTO Ativo (IDAtivo, Setor, Descricao, Tipo, CNPJEmissor, DEN_SOC_EM, ISIN) VALUES
(1, 'Financeiro',  'Ação preferencial Banco XYZ', 'Ação',         '11.222.333/0001-44', 'Banco XYZ S.A.',    'BRXYZPACNPR6'),
(2, 'Energia',     'Ação ordinária Eletro ABC',   'Ação',         '22.333.444/0001-55', 'Eletro ABC S.A.',   'BRABCOACNOR2'),
(3, 'Tecnologia',  'Debênture TechCo',            'Debênture',    '33.444.555/0001-66', 'TechCo Ltda.',      NULL),
(4, 'Saúde',       'CRI Hospitalar',              'CRI',          '44.555.666/0001-77', 'Hosp Capital S.A.', 'BRHCRICRI001'),
(5, 'Varejo',      'LCI Banco Varejo',            'LCI',          '55.666.777/0001-88', NULL,                NULL),
(6, 'Financeiro',  'Cota FIA Alpha',              'Cota de Fundo','12.345.678/0001-01', 'FIA Alpha Gestora', NULL),
(7, 'Energia',     'Cota FIM Gamma',              'Cota de Fundo','34.567.890/0001-03', 'Gamma Asset',       NULL),
(8, 'Tecnologia',  'Ação ordinária DevSoft',      'Ação',         '66.777.888/0001-99', 'DevSoft S.A.',      'BRDEVOACNOR5');

-- ============================================================
-- Acao (especialização de Ativo)
-- ============================================================
INSERT INTO Acao (TickerAcao, ClassificacaoAcao, IDAtivo) VALUES
('BXYZ4', 'Preferencial', 1),
('ABCE3', 'Ordinária',    2),
('DEVS3', 'Ordinária',    8);

-- ============================================================
-- Holding
-- ============================================================
INSERT INTO Holding (IDHolding, CNPJHolding, NomeHolding) VALUES
(1, '99.888.777/0001-10', 'Holding Investimentos Alpha'),
(2, '88.777.666/0001-20', 'Grupo Beta Participações'),
(3, '77.666.555/0001-30', 'Capital Gamma Holdings');

-- ============================================================
-- CotasFundo (ativo que representa cota de um fundo)
-- ============================================================
INSERT INTO CotasFundo (IDAtivo, IDFundo) VALUES
(6, 1),
(7, 3);

-- ============================================================
-- ParticipacaoHolding (ativo em que a holding tem participação)
-- ============================================================
INSERT INTO ParticipacaoHolding (IDAtivo, IDHolding) VALUES
(1, 1),
(2, 3),
(8, 2);

-- ============================================================
-- Carteira_Cliente
-- ============================================================
INSERT INTO Carteira_Cliente (DataCarteiraCliente, IDCliente, IDAtivo, VlrCartCliente, Gestora, QtdCartCliente, Plataforma) VALUES
('2025-01-31', 1, 1,  826613.05, 'XP Asset',     4457, 'XP'),
('2025-02-28', 1, 1,  854591.58, 'XP Asset',     4490, 'XP'),
('2025-03-31', 1, 1,  842866.89, 'XP Asset',     4452, 'XP'),
('2025-01-31', 1, 3,  576272.95, 'Itaú Asset',   4609, 'BTG'),
('2025-02-28', 1, 3,  593175.12, 'Itaú Asset',   4652, 'BTG'),
('2025-03-31', 1, 8,  806225.57, 'Itaú Asset',   3085, 'BTG'),
('2025-01-31', 2, 2,  389289.39, 'BTG Pactual',  1715, 'BTG'),
('2025-02-28', 2, 2,  378524.66, 'BTG Pactual',  1633, 'BTG'),
('2025-03-31', 2, 2,  348553.17, 'BTG Pactual',  1630, 'BTG'),
('2025-02-28', 2, 6,  482176.77, 'Verde Asset',  2014, 'Rico'),
('2025-03-31', 2, 6,  458793.10, 'Verde Asset',  1953, 'Rico'),
('2025-01-31', 3, 4,   11180.71, 'SPX Capital',   732, 'Clear'),
('2025-02-28', 3, 4,   11428.92, 'SPX Capital',   715, 'Clear'),
('2025-03-31', 3, 4,   11880.29, 'SPX Capital',   751, 'Clear'),
('2025-01-31', 3, 8,  615611.91, 'XP Asset',     2385, 'XP'),
('2025-02-28', 3, 5,  228151.26, 'XP Asset',     3058, 'XP'),
('2025-03-31', 3, 5,  212239.67, 'XP Asset',     3085, 'XP'),
('2025-01-31', 4, 5,  218021.89, 'Itaú Asset',   2986, 'Ágora'),
('2025-02-28', 4, 5,  227181.36, 'Itaú Asset',   3045, 'Ágora'),
('2025-03-31', 4, 5,  205979.12, 'Itaú Asset',   2994, 'Ágora'),
('2025-01-31', 4, 7,  201076.63, 'Verde Asset',   711, 'Rico'),
('2025-02-28', 4, 7,  197195.14, 'Verde Asset',   715, 'Rico'),
('2025-01-31', 5, 1,  281719.82, 'BTG Pactual',  1519, 'BTG'),
('2025-02-28', 5, 1,  293872.92, 'BTG Pactual',  1544, 'BTG'),
('2025-03-31', 5, 1,  280576.98, 'BTG Pactual',  1482, 'BTG'),
('2025-03-31', 5, 6,  339925.04, 'SPX Capital',  1447, 'Clear');

-- ============================================================
-- Carteira_Fundo
-- ============================================================
INSERT INTO Carteira_Fundo (DataCartFundo, IDAtivo, IDFundo, QtdCartFundo, VlrCartFundo) VALUES
('2025-01-31', 1, 1, 12902, 2392856.53),
('2025-02-28', 1, 1, 12996, 2473557.27),
('2025-03-31', 1, 1, 13009, 2462905.51),
('2025-01-31', 2, 1, 18706, 4246091.78),
('2025-02-28', 2, 1, 18825, 4363580.41),
('2025-01-31', 3, 2, 11222, 1403110.23),
('2025-02-28', 3, 2, 11224, 1431168.87),
('2025-03-31', 3, 2, 11040, 1449236.26),
('2025-02-28', 4, 2,  7913,  126485.35),
('2025-03-31', 4, 2,  7985,  126317.11),
('2025-01-31', 1, 3, 13613, 2524721.43),
('2025-02-28', 1, 3, 13561, 2581094.96),
('2025-03-31', 1, 3, 13599, 2574606.20),
('2025-01-31', 5, 3, 19168, 1399545.77),
('2025-02-28', 8, 3, 10765, 2834580.59),
('2025-03-31', 8, 3, 10878, 2842827.15),
('2025-01-31', 8, 4, 16859, 4351614.73),
('2025-02-28', 8, 4, 16922, 4455807.97),
('2025-03-31', 8, 4, 16875, 4410066.94),
('2025-01-31', 2, 4,  5148, 1168549.15),
('2025-02-28', 2, 4,  5116, 1185873.96),
('2025-03-31', 2, 4,  5144, 1099973.93),
('2025-01-31', 3, 5, 24954, 3120051.02),
('2025-02-28', 3, 5, 24948, 3181112.00),
('2025-03-31', 3, 5, 24878, 3265769.89),
('2025-01-31', 5, 5, 25027, 1827338.90),
('2025-02-28', 5, 5, 24987, 1864230.10);

-- ============================================================
-- Carteira_Holding
-- ============================================================
INSERT INTO Carteira_Holding (DataCartHolding, IDAtivo, IDHolding, VlrCartHolding, QtdCartHolding) VALUES
-- Holding 1 investe em Ativo 2 (controlado pela Holding 3)
('2025-01-31', 2, 1,  5264145.96,  23191),
('2025-02-28', 2, 1,  5373752.17,  23183),
('2025-03-31', 2, 1,  4913316.67,  22977),
-- Holding 2 investe em Ativo 1 (controlado pela Holding 1)
('2025-03-31', 1, 2, 16494026.51,  87121),
-- Holding 3 investe em Ativo 1 (controlado pela Holding 1) e Ativo 8 (controlado pela Holding 2)
('2025-01-31', 1, 3, 17472192.51,  94208),
('2025-02-28', 1, 3, 17947755.46,  94297),
('2025-03-31', 1, 3, 17800924.56,  94024),
('2025-02-28', 8, 3, 21892757.47,  83143),
('2025-03-31', 8, 3, 21736468.59,  83174);

-- ============================================================
-- Compromisso_Cliente
-- ============================================================
INSERT INTO Compromisso_Cliente (DataCompromisso, IDCliente, IDAtivo, ValorCompromissado) VALUES
('2025-01-31', 1, 6, 163310.01),
('2025-02-28', 1, 6, 164579.88),
('2025-03-31', 1, 6, 163724.57),
('2025-01-31', 2, 7, 102329.77),
('2025-02-28', 2, 7, 102057.80),
('2025-03-31', 2, 7, 102093.79),
('2025-01-31', 3, 6, 202240.24),
('2025-02-28', 3, 6, 201690.54),
('2025-03-31', 3, 6, 201061.35),
('2025-01-31', 4, 7, 376588.78),
('2025-02-28', 4, 7, 378480.04),
('2025-03-31', 4, 7, 376905.84),
('2025-01-31', 5, 6, 276264.80),
('2025-02-28', 5, 6, 279154.56),
('2025-03-31', 5, 6, 280359.55);

-- ============================================================
-- TempDataFundo
-- ============================================================
INSERT INTO TempDataFundo (DataBaseFundo, TotalCotasFundo, IDFundo) VALUES
('2025-01-31', 22699648.344072, 1),
('2025-02-28', 22739493.321907, 1),
('2025-03-31', 22691141.673834, 1),
('2025-01-31', 38534589.648148, 2),
('2025-02-28', 38533077.547048, 2),
('2025-03-31', 38410458.669806, 2),
('2025-01-31', 22015417.891572, 3),
('2025-02-28', 22070916.886629, 3),
('2025-03-31', 22208461.628554, 3),
('2025-01-31', 33150519.624403, 4),
('2025-02-28', 33150991.352875, 4),
('2025-03-31', 33259505.674868, 4),
('2025-01-31',  7774484.595116, 5),
('2025-02-28',  7781009.023390, 5),
('2025-03-31',  7793571.541630, 5);

-- ============================================================
-- TempDataAtivo
-- ============================================================
INSERT INTO TempDataAtivo (DataBaseAtivo, IDAtivo, PrecoAtivo) VALUES
('2025-01-31', 1, 185.4640),
('2025-02-28', 1, 190.3322),
('2025-03-31', 1, 189.3232),
('2025-01-31', 2, 226.9909),
('2025-02-28', 2, 231.7971),
('2025-03-31', 2, 213.8363),
('2025-01-31', 3, 125.0321),
('2025-02-28', 3, 127.5097),
('2025-03-31', 3, 131.2714),
('2025-01-31', 4,  15.2742),
('2025-02-28', 4,  15.9845),
('2025-03-31', 4,  15.8193),
('2025-01-31', 5,  73.0147),
('2025-02-28', 5,  74.6080),
('2025-03-31', 5,  68.7973),
('2025-01-31', 6, 248.1199),
('2025-02-28', 6, 239.4125),
('2025-03-31', 6, 234.9171),
('2025-01-31', 7, 282.8082),
('2025-02-28', 7, 275.7974),
('2025-03-31', 7, 275.9116),
('2025-01-31', 8, 258.1182),
('2025-02-28', 8, 263.3145),
('2025-03-31', 8, 261.3373);

-- ============================================================
-- TempDataHolding
-- ============================================================
INSERT INTO TempDataHolding (DataHolding, IDHolding, TotalAcoesHd) VALUES
('2025-01-31', 1, 4965723),
('2025-02-28', 1, 4965766),
('2025-03-31', 1, 4971450),
('2025-01-31', 2, 1884527),
('2025-02-28', 2, 1888830),
('2025-03-31', 2, 1890123),
('2025-01-31', 3, 4048008),
('2025-02-28', 3, 4053373),
('2025-03-31', 3, 4047833);
